date,close,symbol,rtb
2020-06-02,182.83,MSFT,No
2020-06-03,184.09500000000003,MSFT,No
2020-06-04,185.36,MSFT,No
2020-06-05,182.92,MSFT,No
2020-06-08,187.2,MSFT,No
2020-06-09,188.36,MSFT,No
2020-06-10,188.205,MSFT,No
2020-06-11,188.05,MSFT,No
2020-06-12,187.895,MSFT,No
2020-06-15,187.74,MSFT,No
2020-06-16,188.94,MSFT,No
2020-06-17,193.57,MSFT,No
2020-06-18,194.24,MSFT,No
2020-06-19,196.32,MSFT,No
2020-06-22,195.15,MSFT,No
2020-06-23,200.57,MSFT,No
2020-06-24,201.91,MSFT,No
2020-06-25,197.84,MSFT,No
2020-06-26,200.34,MSFT,No
2020-06-29,196.33,MSFT,No
2020-06-30,198.44,MSFT,No
2020-07-01,203.51,MSFT,No
2020-07-02,204.7,MSFT,No
2020-07-06,206.26,MSFT,No
2020-07-07,210.7,MSFT,No
2020-07-08,208.25,MSFT,No
2020-07-09,212.83,MSFT,No
2020-07-10,214.32,MSFT,No
2020-07-13,213.67,MSFT,No
2020-07-14,207.07,MSFT,No
2020-07-15,208.35,MSFT,No
2020-07-16,208.04,MSFT,No
2020-07-17,203.92,MSFT,No
2020-07-20,202.88,MSFT,No
2020-07-21,211.6,MSFT,No
2020-07-22,208.75,MSFT,No
2020-07-23,211.75,MSFT,No
2020-07-24,202.54,MSFT,No
2020-07-27,201.3,MSFT,No
2020-07-28,203.85,MSFT,No
2020-07-29,202.02,MSFT,No
2020-07-30,204.06,MSFT,No
2020-07-31,203.9,MSFT,No
2020-08-03,205.01,MSFT,No
2020-08-04,216.54,MSFT,No
2020-08-05,213.29,MSFT,No
2020-08-06,212.94,MSFT,No
2020-08-07,216.35,MSFT,No
2020-08-10,212.48,MSFT,No
2020-08-11,208.25,MSFT,No
2020-08-12,203.38,MSFT,No
2020-08-13,209.19,MSFT,No
2020-08-14,208.7,MSFT,No
2020-08-17,208.9,MSFT,No
2020-08-18,210.28,MSFT,No
2020-08-19,210.97689453404,MSFT,No
2020-08-20,209.7,MSFT,No
2020-08-21,214.58,MSFT,No
2020-08-24,213.02,MSFT,No
2020-08-25,213.69,MSFT,No
2020-08-26,216.47,MSFT,No
2020-08-27,221.15,MSFT,No
2020-08-28,226.58,MSFT,No
2020-08-31,228.91,MSFT,No
2020-09-01,225.53,MSFT,No
2020-09-02,227.27,MSFT,No
2020-09-03,231.65,MSFT,No
2020-09-04,217.3,MSFT,No
2020-09-08,214.25,MSFT,No
2020-09-09,202.66,MSFT,No
2020-09-10,211.29,MSFT,No
2020-09-11,205.37,MSFT,No
2020-09-14,204.03,MSFT,No
2020-09-15,205.41,MSFT,No
2020-09-16,208.78,MSFT,No
2020-09-17,205.05,MSFT,No
2020-09-18,202.91,MSFT,No
2020-09-21,200.39,MSFT,No
2020-09-22,202.54,MSFT,No
2020-09-23,207.42,MSFT,No
2020-09-24,200.59,MSFT,No
2020-09-25,203.19,MSFT,No
2020-09-28,207.82,MSFT,No
2020-09-29,209.44,MSFT,No
2020-09-30,207.26,MSFT,No
2020-10-01,210.33,MSFT,No
2020-10-02,212.46,MSFT,No
2020-10-05,206.19,MSFT,No
2020-10-06,210.38,MSFT,No
2020-10-07,205.91,MSFT,No
2020-10-08,209.83,MSFT,No
2020-10-09,210.58,MSFT,No
2020-10-12,215.81,MSFT,No
2020-10-13,221.4,MSFT,No
2020-10-14,222.86,MSFT,No
2020-10-15,220.86,MSFT,No
2020-10-16,219.66,MSFT,No
2020-10-19,214.29,MSFT,No
2020-10-20,214.495,MSFT,No
2020-10-21,214.65,MSFT,No
2020-10-22,214.8,MSFT,No
2020-10-23,214.89,MSFT,No
2020-10-26,216.23,MSFT,No
2020-10-27,213.235,MSFT,No
2020-10-28,202.295,MSFT,No
2020-10-29,202.68,MSFT,No
2020-10-30,204.72,MSFT,No
2020-11-02,202.47,MSFT,No
2020-11-03,202.33,MSFT,No
2020-11-04,206.43,MSFT,No
2020-11-05,216.39,MSFT,No
2020-11-06,223.29,MSFT,No
2020-11-09,223.72,MSFT,No
2020-11-10,218.39,MSFT,No
2020-11-11,211.01,MSFT,No
2020-11-12,216.55,MSFT,No
2020-11-13,215.44,MSFT,No
2020-11-16,216.51,MSFT,No
2020-11-17,217.23,MSFT,No
2020-11-18,213.89253827254,MSFT,No
2020-11-19,211.08,MSFT,No
2020-11-20,212.42,MSFT,No
2020-11-23,210.39,MSFT,No
2020-11-24,210.11,MSFT,No
2020-11-25,213.86,MSFT,No
2020-11-27,213.87,MSFT,No
2020-11-30,215.23,MSFT,No
2020-12-01,214.07,MSFT,No
2020-12-02,216.21,MSFT,No
2020-12-03,215.37,MSFT,No
2020-12-04,214.24,MSFT,No
2020-12-07,214.36,MSFT,No
2020-12-08,214.29,MSFT,No
2020-12-09,216.01,MSFT,No
2020-12-10,211.8,MSFT,No
2020-12-11,210.52,MSFT,No
2020-12-14,213.26,MSFT,No
2020-12-15,214.2,MSFT,No
2020-12-16,214.13,MSFT,No
2020-12-17,219.28,MSFT,No
2020-12-18,219.42,MSFT,No
2020-12-21,218.59,MSFT,No
2020-12-22,222.59,MSFT,No
2020-12-23,223.94,MSFT,No
2020-12-24,221.02,MSFT,No
2020-12-28,222.75,MSFT,No
2020-12-29,224.96,MSFT,No
2020-12-30,224.15,MSFT,No
2020-12-31,221.68,MSFT,No
2021-01-04,222.42,MSFT,No
2021-01-05,217.69,MSFT,No
2021-01-06,217.9,MSFT,No
2021-01-07,212.25,MSFT,No
2021-01-08,218.29,MSFT,No
2021-01-11,219.62,MSFT,No
2021-01-12,217.49,MSFT,No
2021-01-13,214.93,MSFT,No
2021-01-14,216.34,MSFT,No
2021-01-15,213.02,MSFT,No
2021-01-19,212.65,MSFT,No
2021-01-20,216.44,MSFT,No
2021-01-21,224.34,MSFT,No
2021-01-22,224.97,MSFT,No
2021-01-25,225.95,MSFT,No
2021-01-26,229.53,MSFT,No
2021-01-27,232.33,MSFT,No
2021-01-28,232.9,MSFT,No
2021-01-29,238.93,MSFT,No
2021-02-01,231.96,MSFT,No
2021-02-02,239.65,MSFT,No
2021-02-03,239.51,MSFT,No
2021-02-04,243.0,MSFT,No
2021-02-05,242.01,MSFT,No
2021-02-08,242.2,MSFT,No
2021-02-09,242.47,MSFT,No
2021-02-10,243.77,MSFT,No
2021-02-11,242.82,MSFT,No
2021-02-12,244.49,MSFT,No
2021-02-16,244.99,MSFT,No
2021-02-17,243.14242523288,MSFT,No
2021-02-18,244.2,MSFT,No
2021-02-19,243.79,MSFT,No
2021-02-22,240.97,MSFT,No
2021-02-23,234.51,MSFT,No
2021-02-24,233.27,MSFT,No
2021-02-25,234.55,MSFT,No
2021-02-26,228.99,MSFT,No
2021-03-01,232.38,MSFT,No
2021-03-02,236.94,MSFT,No
2021-03-03,233.87,MSFT,No
2021-03-04,227.56,MSFT,No
2021-03-05,226.73,MSFT,No
2021-03-08,231.6,MSFT,No
2021-03-09,227.39,MSFT,No
2021-03-10,233.78,MSFT,No
2021-03-11,234.43666666666667,MSFT,No
2021-03-12,235.09333333333333,MSFT,No
2021-03-15,235.75,MSFT,No
2021-03-16,234.81,MSFT,No
2021-03-17,237.71,MSFT,No
2021-03-18,237.04,MSFT,No
2021-03-19,230.72,MSFT,No
2021-03-22,230.35,MSFT,No
2021-03-23,235.99,MSFT,No
2021-03-24,237.58,MSFT,No
2021-03-25,235.46,MSFT,No
2021-03-26,232.34,MSFT,No
2021-03-29,236.48,MSFT,No
2021-03-30,236.2433333333333,MSFT,No
2021-03-31,236.00666666666663,MSFT,No
2021-04-01,235.77,MSFT,No
2021-04-05,242.35,MSFT,No
2021-04-06,249.07,MSFT,No
2021-04-07,247.86,MSFT,No
2021-04-08,249.9,MSFT,No
2021-04-09,253.25,MSFT,No
2021-04-12,255.85,MSFT,No
2021-04-13,255.91,MSFT,No
2021-04-14,258.49,MSFT,No
2021-04-15,255.59,MSFT,No
2021-04-16,259.5,MSFT,No
2021-04-19,260.74,MSFT,No
2021-04-20,258.74,MSFT,No
2021-04-21,258.26,MSFT,No
2021-04-22,260.58,MSFT,No
2021-04-23,257.17,MSFT,No
2021-04-26,261.15,MSFT,No
2021-04-27,261.55,MSFT,No
2021-04-28,261.97,MSFT,No
2021-04-29,254.56,MSFT,No
2021-04-30,252.51,MSFT,No
2021-05-03,252.18,MSFT,No
2021-05-04,251.86,MSFT,No
2021-05-05,247.79,MSFT,No
2021-05-06,246.47,MSFT,No
2021-05-07,249.73,MSFT,No
2021-05-10,252.46,MSFT,No
2021-05-11,247.18,MSFT,No
2021-05-12,246.23,MSFT,No
2021-05-13,239.0,MSFT,No
2021-05-14,243.03,MSFT,No
2021-05-17,248.15,MSFT,No
2021-05-18,245.18,MSFT,No
2021-05-19,243.08,MSFT,No
2021-05-20,243.12,MSFT,No
2021-05-21,246.48,MSFT,No
2021-05-24,245.17,MSFT,No
2021-05-25,250.78,MSFT,No
2021-05-26,251.72,MSFT,No
2021-05-27,251.49,MSFT,No
2021-05-28,249.31,MSFT,No
2021-06-01,249.68,MSFT,No
2021-06-02,247.4,MSFT,No
2021-06-03,247.3,MSFT,No
2021-06-04,245.71,MSFT,No
2021-06-07,250.79,MSFT,No
2021-06-08,253.81,MSFT,No
2021-06-09,252.57,MSFT,No
2021-06-10,253.59,MSFT,No
2021-06-11,257.24,MSFT,No
2021-06-14,257.89,MSFT,No
2021-06-15,259.89,MSFT,No
2021-06-16,258.36,MSFT,No
2021-06-17,257.38,MSFT,No
2021-06-18,260.9,MSFT,No
2021-06-21,259.43,MSFT,No
2021-06-22,262.63,MSFT,No
2021-06-23,265.51,MSFT,No
2021-06-24,265.275,MSFT,No
2021-06-25,266.69,MSFT,No
2021-06-28,265.02,MSFT,No
2021-06-29,268.72,MSFT,No
2021-06-30,271.4,MSFT,No
2020-06-02,100.73,NKE,No
2020-06-03,104.14,NKE,No
2020-06-04,104.11,NKE,No
2020-06-05,101.28,NKE,No
2020-06-08,102.71,NKE,No
2020-06-09,104.29,NKE,No
2020-06-10,102.17,NKE,No
2020-06-11,95.15,NKE,No
2020-06-12,96.47,NKE,No
2020-06-15,96.43,NKE,No
2020-06-16,97.84,NKE,No
2020-06-17,99.04,NKE,No
2020-06-18,99.21,NKE,No
2020-06-19,98.45,NKE,No
2020-06-22,95.78,NKE,No
2020-06-23,99.51,NKE,No
2020-06-24,101.92,NKE,No
2020-06-25,100.08,NKE,No
2020-06-26,101.4,NKE,No
2020-06-29,93.67,NKE,No
2020-06-30,95.87,NKE,No
2020-07-01,98.05,NKE,No
2020-07-02,97.4,NKE,No
2020-07-06,98.43,NKE,No
2020-07-07,99.95,NKE,No
2020-07-08,97.07,NKE,No
2020-07-09,98.84,NKE,No
2020-07-10,96.99,NKE,No
2020-07-13,97.99,NKE,No
2020-07-14,96.46,NKE,No
2020-07-15,96.76,NKE,No
2020-07-16,98.54,NKE,No
2020-07-17,97.26,NKE,No
2020-07-20,96.28,NKE,No
2020-07-21,95.65,NKE,No
2020-07-22,98.36,NKE,No
2020-07-23,98.91,NKE,No
2020-07-24,98.3,NKE,No
2020-07-27,98.43,NKE,No
2020-07-28,97.21,NKE,No
2020-07-29,96.27,NKE,No
2020-07-30,96.97,NKE,No
2020-07-31,96.82,NKE,No
2020-08-03,97.61,NKE,No
2020-08-04,98.33,NKE,No
2020-08-05,97.33,NKE,No
2020-08-06,100.94,NKE,No
2020-08-07,100.45,NKE,No
2020-08-10,101.86,NKE,No
2020-08-11,105.41,NKE,No
2020-08-12,105.12,NKE,No
2020-08-13,105.22,NKE,No
2020-08-14,106.52,NKE,No
2020-08-17,106.43,NKE,No
2020-08-18,105.66,NKE,No
2020-08-19,106.97,NKE,No
2020-08-20,108.39,NKE,No
2020-08-21,108.01,NKE,No
2020-08-24,109.75,NKE,No
2020-08-25,111.83,NKE,No
2020-08-26,111.51,NKE,No
2020-08-27,111.53,NKE,No
2020-08-28,110.59869018528,NKE,No
2020-08-31,112.29,NKE,No
2020-09-01,111.89,NKE,No
2020-09-02,114.84,NKE,No
2020-09-03,116.8,NKE,No
2020-09-04,112.85,NKE,No
2020-09-08,112.4,NKE,No
2020-09-09,112.72,NKE,No
2020-09-10,114.9,NKE,No
2020-09-11,114.79,NKE,No
2020-09-14,118.0,NKE,No
2020-09-15,119.28,NKE,No
2020-09-16,119.27,NKE,No
2020-09-17,118.59,NKE,No
2020-09-18,116.36,NKE,No
2020-09-21,114.66,NKE,No
2020-09-22,113.37,NKE,No
2020-09-23,116.87,NKE,No
2020-09-24,127.11,NKE,No
2020-09-25,124.75,NKE,No
2020-09-28,124.23,NKE,No
2020-09-29,124.32,NKE,No
2020-09-30,126.35,NKE,No
2020-10-01,125.54,NKE,No
2020-10-02,126.64,NKE,No
2020-10-05,126.64,NKE,No
2020-10-06,127.91,NKE,No
2020-10-07,127.65,NKE,No
2020-10-08,130.06,NKE,No
2020-10-09,129.71,NKE,No
2020-10-12,130.98,NKE,No
2020-10-13,129.46,NKE,No
2020-10-14,129.2,NKE,No
2020-10-15,127.66,NKE,No
2020-10-16,129.0,NKE,No
2020-10-19,127.395,NKE,No
2020-10-20,128.51,NKE,No
2020-10-21,128.49,NKE,No
2020-10-22,129.43,NKE,No
2020-10-23,130.02,NKE,No
2020-10-26,129.99,NKE,No
2020-10-27,128.37,NKE,No
2020-10-28,121.88,NKE,No
2020-10-29,122.08,NKE,No
2020-10-30,122.86,NKE,No
2020-11-02,120.08,NKE,No
2020-11-03,122.39,NKE,No
2020-11-04,124.59,NKE,No
2020-11-05,127.34,NKE,No
2020-11-06,129.7,NKE,No
2020-11-09,128.9,NKE,No
2020-11-10,128.95,NKE,No
2020-11-11,127.71,NKE,No
2020-11-12,127.66,NKE,No
2020-11-13,126.64,NKE,No
2020-11-16,128.28,NKE,No
2020-11-17,130.11,NKE,No
2020-11-18,132.21,NKE,No
2020-11-19,131.63,NKE,No
2020-11-20,131.91,NKE,No
2020-11-23,132.98,NKE,No
2020-11-24,134.13,NKE,No
2020-11-25,134.7,NKE,No
2020-11-27,135.54,NKE,No
2020-11-30,134.25,NKE,No
2020-12-01,134.7,NKE,No
2020-12-02,135.44,NKE,No
2020-12-03,135.58,NKE,No
2020-12-04,136.68601025716,NKE,No
2020-12-07,137.19,NKE,No
2020-12-08,138.75,NKE,No
2020-12-09,139.12,NKE,No
2020-12-10,138.79,NKE,No
2020-12-11,137.58,NKE,No
2020-12-14,137.41,NKE,No
2020-12-15,136.28,NKE,No
2020-12-16,139.39,NKE,No
2020-12-17,138.34,NKE,No
2020-12-18,140.5,NKE,No
2020-12-21,137.28,NKE,No
2020-12-22,144.02,NKE,No
2020-12-23,142.45,NKE,No
2020-12-24,141.76,NKE,No
2020-12-28,141.6,NKE,No
2020-12-29,142.43,NKE,No
2020-12-30,141.57,NKE,No
2020-12-31,141.58,NKE,No
2021-01-04,141.47,NKE,No
2021-01-05,140.1,NKE,No
2021-01-06,141.23,NKE,No
2021-01-07,142.35,NKE,No
2021-01-08,144.95,NKE,No
2021-01-11,146.35,NKE,No
2021-01-12,147.05,NKE,No
2021-01-13,145.05,NKE,No
2021-01-14,143.04,NKE,No
2021-01-15,141.3,NKE,No
2021-01-19,140.72,NKE,No
2021-01-20,139.27,NKE,No
2021-01-21,142.8,NKE,No
2021-01-22,141.61,NKE,No
2021-01-25,139.35,NKE,No
2021-01-26,137.55,NKE,No
2021-01-27,135.1,NKE,No
2021-01-28,131.02,NKE,No
2021-01-29,134.72,NKE,No
2021-02-01,133.59,NKE,No
2021-02-02,135.71,NKE,No
2021-02-03,139.59,NKE,No
2021-02-04,138.63,NKE,No
2021-02-05,140.63,NKE,No
2021-02-08,145.11,NKE,No
2021-02-09,143.41,NKE,No
2021-02-10,141.79,NKE,No
2021-02-11,142.46,NKE,No
2021-02-12,143.54,NKE,No
2021-02-16,142.12,NKE,No
2021-02-17,141.71,NKE,No
2021-02-18,143.99,NKE,No
2021-02-19,145.09,NKE,No
2021-02-22,142.02,NKE,No
2021-02-23,136.67,NKE,No
2021-02-24,136.13,NKE,No
2021-02-25,135.65,NKE,No
2021-02-26,135.26401243938,NKE,No
2021-03-01,134.78,NKE,No
2021-03-02,137.65,NKE,No
2021-03-03,137.02,NKE,No
2021-03-04,134.26,NKE,No
2021-03-05,132.04,NKE,No
2021-03-08,133.35,NKE,No
2021-03-09,134.56,NKE,No
2021-03-10,135.95,NKE,No
2021-03-11,137.45,NKE,No
2021-03-12,138.95,NKE,No
2021-03-15,140.45,NKE,No
2021-03-16,144.94,NKE,No
2021-03-17,144.65,NKE,No
2021-03-18,144.82,NKE,No
2021-03-19,143.17,NKE,No
2021-03-22,137.49,NKE,No
2021-03-23,138.27,NKE,No
2021-03-24,137.12,NKE,No
2021-03-25,133.16,NKE,No
2021-03-26,128.64,NKE,No
2021-03-29,132.99,NKE,No
2021-03-30,132.95666666666668,NKE,No
2021-03-31,132.92333333333332,NKE,No
2021-04-01,132.89,NKE,No
2021-04-05,132.53,NKE,No
2021-04-06,135.12,NKE,No
2021-04-07,137.16,NKE,No
2021-04-08,136.54,NKE,No
2021-04-09,133.68,NKE,No
2021-04-12,135.45,NKE,No
2021-04-13,136.64,NKE,No
2021-04-14,133.54,NKE,No
2021-04-15,132.26,NKE,No
2021-04-16,133.67,NKE,No
2021-04-19,134.31,NKE,No
2021-04-20,132.57,NKE,No
2021-04-21,127.11,NKE,No
2021-04-22,129.9,NKE,No
2021-04-23,129.18,NKE,No
2021-04-26,130.19,NKE,No
2021-04-27,131.6,NKE,No
2021-04-28,132.11,NKE,No
2021-04-29,130.71,NKE,No
2021-04-30,133.26,NKE,No
2021-05-03,132.62,NKE,No
2021-05-04,133.03,NKE,No
2021-05-05,131.55,NKE,No
2021-05-06,132.21,NKE,No
2021-05-07,133.49,NKE,No
2021-05-10,137.81,NKE,No
2021-05-11,136.4,NKE,No
2021-05-12,137.12,NKE,No
2021-05-13,133.39,NKE,No
2021-05-14,133.61,NKE,No
2021-05-17,135.93,NKE,No
2021-05-18,136.41,NKE,No
2021-05-19,135.56,NKE,No
2021-05-20,132.96,NKE,No
2021-05-21,133.27,NKE,No
2021-05-24,132.66,NKE,No
2021-05-25,134.06,NKE,No
2021-05-26,134.32,NKE,No
2021-05-27,136.89,NKE,No
2021-05-28,136.56,NKE,No
2021-06-01,136.46,NKE,No
2021-06-02,134.51,NKE,No
2021-06-03,134.17,NKE,No
2021-06-04,134.17,NKE,No
2021-06-07,133.74,NKE,No
2021-06-08,133.95,NKE,No
2021-06-09,133.35,NKE,No
2021-06-10,131.84,NKE,No
2021-06-11,130.98,NKE,No
2021-06-14,131.94,NKE,No
2021-06-15,131.36,NKE,No
2021-06-16,130.29,NKE,No
2021-06-17,130.4,NKE,No
2021-06-18,128.92,NKE,No
2021-06-21,128.41,NKE,No
2021-06-22,130.08,NKE,No
2021-06-23,132.48,NKE,No
2021-06-24,133.1,NKE,No
2021-06-25,133.6,NKE,No
2021-06-28,154.35,NKE,No
2021-06-29,152.36,NKE,No
2021-06-30,155.95,NKE,No
2020-06-02,117.25,PG,No
2020-06-03,117.89,PG,No
2020-06-04,118.53,PG,No
2020-06-05,116.05,PG,No
2020-06-08,118.33,PG,No
2020-06-09,119.05,PG,No
2020-06-10,117.6575,PG,No
2020-06-11,116.265,PG,No
2020-06-12,115.62,PG,No
2020-06-15,115.62,PG,No
2020-06-16,118.14,PG,No
2020-06-17,118.13,PG,No
2020-06-18,117.93,PG,No
2020-06-19,119.28,PG,No
2020-06-22,118.92,PG,No
2020-06-23,117.75,PG,No
2020-06-24,117.73,PG,No
2020-06-25,116.42,PG,No
2020-06-26,117.89,PG,No
2020-06-29,115.23,PG,No
2020-06-30,117.66,PG,No
2020-07-01,119.57,PG,No
2020-07-02,119.98,PG,No
2020-07-06,120.88,PG,No
2020-07-07,121.63,PG,No
2020-07-08,122.22,PG,No
2020-07-09,122.89,PG,No
2020-07-10,122.48,PG,No
2020-07-13,123.89,PG,No
2020-07-14,124.05,PG,No
2020-07-15,125.09,PG,No
2020-07-16,124.5,PG,No
2020-07-17,124.76,PG,No
2020-07-20,125.63,PG,No
2020-07-21,125.24,PG,No
2020-07-22,125.07,PG,No
2020-07-23,125.35434936554,PG,No
2020-07-24,126.16,PG,No
2020-07-27,125.96,PG,No
2020-07-28,126.32,PG,No
2020-07-29,127.88,PG,No
2020-07-30,128.31,PG,No
2020-07-31,131.42,PG,No
2020-08-03,131.12,PG,No
2020-08-04,131.29,PG,No
2020-08-05,133.79,PG,No
2020-08-06,133.44,PG,No
2020-08-07,132.71,PG,No
2020-08-10,133.55,PG,No
2020-08-11,134.1,PG,No
2020-08-12,133.23,PG,No
2020-08-13,135.46,PG,No
2020-08-14,135.78,PG,No
2020-08-17,135.1,PG,No
2020-08-18,135.5,PG,No
2020-08-19,136.51,PG,No
2020-08-20,135.77,PG,No
2020-08-21,136.85,PG,No
2020-08-24,137.44,PG,No
2020-08-25,138.51,PG,No
2020-08-26,139.06,PG,No
2020-08-27,138.39,PG,No
2020-08-28,138.21,PG,No
2020-08-31,138.77,PG,No
2020-09-01,138.33,PG,No
2020-09-02,138.18,PG,No
2020-09-03,140.51,PG,No
2020-09-04,138.26,PG,No
2020-09-08,137.96,PG,No
2020-09-09,135.94,PG,No
2020-09-10,138.15,PG,No
2020-09-11,136.7,PG,No
2020-09-14,138.14,PG,No
2020-09-15,138.63,PG,No
2020-09-16,138.63,PG,No
2020-09-17,137.7,PG,No
2020-09-18,137.52,PG,No
2020-09-21,137.37,PG,No
2020-09-22,136.71,PG,No
2020-09-23,137.96,PG,No
2020-09-24,136.31,PG,No
2020-09-25,136.92,PG,No
2020-09-28,137.62,PG,No
2020-09-29,138.01,PG,No
2020-09-30,137.26,PG,No
2020-10-01,138.99,PG,No
2020-10-02,139.24,PG,No
2020-10-05,138.12,PG,No
2020-10-06,139.39,PG,No
2020-10-07,139.61,PG,No
2020-10-08,140.7,PG,No
2020-10-09,141.65,PG,No
2020-10-12,142.92,PG,No
2020-10-13,144.49,PG,No
2020-10-14,144.21,PG,No
2020-10-15,144.04,PG,No
2020-10-16,143.83,PG,No
2020-10-19,141.79,PG,No
2020-10-20,142.57,PG,No
2020-10-21,142.48,PG,No
2020-10-22,143.25,PG,No
2020-10-23,141.45,PG,No
2020-10-26,142.38,PG,No
2020-10-27,141.3,PG,No
2020-10-28,142.36,PG,No
2020-10-29,137.37,PG,No
2020-10-30,137.57,PG,No
2020-11-02,137.1,PG,No
2020-11-03,138.5,PG,No
2020-11-04,141.22,PG,No
2020-11-05,140.64,PG,No
2020-11-06,142.38,PG,No
2020-11-09,143.23,PG,No
2020-11-10,137.99,PG,No
2020-11-11,140.26,PG,No
2020-11-12,142.07,PG,No
2020-11-13,142.15,PG,No
2020-11-16,144.28,PG,No
2020-11-17,142.43,PG,No
2020-11-18,141.88,PG,No
2020-11-19,139.7,PG,No
2020-11-20,139.53,PG,No
2020-11-23,139.3,PG,No
2020-11-24,138.76,PG,No
2020-11-25,138.31,PG,No
2020-11-27,138.68,PG,No
2020-11-30,138.61,PG,No
2020-12-01,138.87,PG,No
2020-12-02,139.37,PG,No
2020-12-03,138.36,PG,No
2020-12-04,137.34,PG,No
2020-12-07,137.47,PG,No
2020-12-08,137.68,PG,No
2020-12-09,138.05,PG,No
2020-12-10,136.41,PG,No
2020-12-11,135.51,PG,No
2020-12-14,136.51,PG,No
2020-12-15,135.85,PG,No
2020-12-16,136.65,PG,No
2020-12-17,137.27,PG,No
2020-12-18,138.25,PG,No
2020-12-21,139.04,PG,No
2020-12-22,137.52,PG,No
2020-12-23,136.55,PG,No
2020-12-24,136.34,PG,No
2020-12-28,137.72,PG,No
2020-12-29,138.68,PG,No
2020-12-30,138.42,PG,No
2020-12-31,137.77,PG,No
2021-01-04,139.14,PG,No
2021-01-05,137.82,PG,No
2021-01-06,138.7,PG,No
2021-01-07,140.16,PG,No
2021-01-08,138.85,PG,No
2021-01-11,138.79,PG,No
2021-01-12,137.85,PG,No
2021-01-13,137.05,PG,No
2021-01-14,137.26,PG,No
2021-01-15,135.8,PG,No
2021-01-19,134.78,PG,No
2021-01-20,133.6,PG,No
2021-01-21,131.13852430222,PG,No
2021-01-22,131.01,PG,No
2021-01-25,130.0,PG,No
2021-01-26,132.24,PG,No
2021-01-27,133.09,PG,No
2021-01-28,128.38,PG,No
2021-01-29,130.36,PG,No
2021-02-01,128.21,PG,No
2021-02-02,128.97,PG,No
2021-02-03,128.79,PG,No
2021-02-04,128.95,PG,No
2021-02-05,129.03,PG,No
2021-02-08,129.57,PG,No
2021-02-09,129.17,PG,No
2021-02-10,128.67,PG,No
2021-02-11,128.22,PG,No
2021-02-12,128.33,PG,No
2021-02-16,127.62,PG,No
2021-02-17,127.92,PG,No
2021-02-18,128.46,PG,No
2021-02-19,129.53,PG,No
2021-02-22,127.12,PG,No
2021-02-23,126.58,PG,No
2021-02-24,127.52,PG,No
2021-02-25,127.66,PG,No
2021-02-26,126.58,PG,No
2021-03-01,123.53,PG,No
2021-03-02,124.29,PG,No
2021-03-03,123.9,PG,No
2021-03-04,123.16,PG,No
2021-03-05,122.15,PG,No
2021-03-08,125.98,PG,No
2021-03-09,127.31,PG,No
2021-03-10,126.18,PG,No
2021-03-11,126.83333333333331,PG,No
2021-03-12,127.48666666666666,PG,No
2021-03-15,128.14,PG,No
2021-03-16,128.56,PG,No
2021-03-17,128.94,PG,No
2021-03-18,128.42,PG,No
2021-03-19,128.7,PG,No
2021-03-22,128.01,PG,No
2021-03-23,130.18,PG,No
2021-03-24,132.6,PG,No
2021-03-25,132.56,PG,No
2021-03-26,133.48,PG,No
2021-03-29,135.45,PG,No
2021-03-30,135.45,PG,No
2021-03-31,135.45,PG,No
2021-04-01,135.43,PG,No
2021-04-05,134.28,PG,No
2021-04-06,136.45,PG,No
2021-04-07,136.5,PG,No
2021-04-08,136.74,PG,No
2021-04-09,137.26,PG,No
2021-04-12,136.37,PG,No
2021-04-13,136.92,PG,No
2021-04-14,135.11,PG,No
2021-04-15,135.6,PG,No
2021-04-16,137.24,PG,No
2021-04-19,137.25,PG,No
2021-04-20,136.61,PG,No
2021-04-21,137.75,PG,No
2021-04-22,136.85,PG,No
2021-04-23,134.63,PG,No
2021-04-26,133.94,PG,No
2021-04-27,131.26,PG,No
2021-04-28,131.18,PG,No
2021-04-29,131.4,PG,No
2021-04-30,132.51,PG,No
2021-05-03,133.42,PG,No
2021-05-04,135.0,PG,No
2021-05-05,134.54,PG,No
2021-05-06,133.46,PG,No
2021-05-07,135.14,PG,No
2021-05-10,135.15,PG,No
2021-05-11,137.67,PG,No
2021-05-12,136.99,PG,No
2021-05-13,135.54,PG,No
2021-05-14,137.72,PG,No
2021-05-17,138.01,PG,No
2021-05-18,137.73,PG,No
2021-05-19,136.32,PG,No
2021-05-20,136.6,PG,No
2021-05-21,138.0,PG,No
2021-05-24,138.0,PG,No
2021-05-25,137.96,PG,No
2021-05-26,138.43,PG,No
2021-05-27,138.12,PG,No
2021-05-28,134.98,PG,No
2021-06-01,134.85,PG,No
2021-06-02,132.88,PG,No
2021-06-03,133.46,PG,No
2021-06-04,135.85,PG,No
2021-06-07,135.95,PG,No
2021-06-08,136.42,PG,No
2021-06-09,134.84,PG,No
2021-06-10,134.79,PG,No
2021-06-11,135.79,PG,No
2021-06-14,134.86,PG,No
2021-06-15,134.91,PG,No
2021-06-16,134.65,PG,No
2021-06-17,132.78,PG,No
2021-06-18,133.99,PG,No
2021-06-21,132.03,PG,No
2021-06-22,133.07,PG,No
2021-06-23,133.12,PG,No
2021-06-24,132.93,PG,No
2021-06-25,133.02,PG,No
2021-06-28,134.92,PG,No
2021-06-29,135.32,PG,No
2021-06-30,134.4,PG,No
2020-06-02,1.0,PG,Si
2020-06-03,1.0054584221748402,PG,Si
2020-06-04,1.01091684434968,PG,Si
2020-06-05,0.9897654584221748,PG,Si
2020-06-08,1.0092110874200426,PG,Si
2020-06-09,1.0153518123667378,PG,Si
2020-06-10,1.0034754797441365,PG,Si
2020-06-11,0.9915991471215352,PG,Si
2020-06-12,0.9860980810234542,PG,Si
2020-06-15,0.9860980810234542,PG,Si
2020-06-16,1.007590618336887,PG,Si
2020-06-17,1.0075053304904051,PG,Si
2020-06-18,1.0057995735607677,PG,Si
2020-06-19,1.0173134328358209,PG,Si
2020-06-22,1.0142430703624734,PG,Si
2020-06-23,1.004264392324094,PG,Si
2020-06-24,1.0040938166311302,PG,Si
2020-06-25,0.9929211087420042,PG,Si
2020-06-26,1.0054584221748402,PG,Si
2020-06-29,0.982771855010661,PG,Si
2020-06-30,1.0034968017057568,PG,Si
2020-07-01,1.0197867803837952,PG,Si
2020-07-02,1.0232835820895523,PG,Si
2020-07-06,1.0309594882729212,PG,Si
2020-07-07,1.0373560767590617,PG,Si
2020-07-08,1.0423880597014925,PG,Si
2020-07-09,1.0481023454157783,PG,Si
2020-07-10,1.0446055437100215,PG,Si
2020-07-13,1.056631130063966,PG,Si
2020-07-14,1.057995735607676,PG,Si
2020-07-15,1.066865671641791,PG,Si
2020-07-16,1.0618336886993602,PG,Si
2020-07-17,1.0640511727078892,PG,Si
2020-07-20,1.0714712153518122,PG,Si
2020-07-21,1.0681449893390191,PG,Si
2020-07-22,1.0666950959488273,PG,Si
2020-07-23,1.0691202504523667,PG,Si
2020-07-24,1.0759914712153518,PG,Si
2020-07-27,1.0742857142857143,PG,Si
2020-07-28,1.0773560767590618,PG,Si
2020-07-29,1.0906609808102345,PG,Si
2020-07-30,1.0943283582089554,PG,Si
2020-07-31,1.1208528784648186,PG,Si
2020-08-03,1.1182942430703624,PG,Si
2020-08-04,1.1197441364605543,PG,Si
2020-08-05,1.1410660980810234,PG,Si
2020-08-06,1.1380810234541578,PG,Si
2020-08-07,1.1318550106609808,PG,Si
2020-08-10,1.1390191897654585,PG,Si
2020-08-11,1.1437100213219615,PG,Si
2020-08-12,1.1362899786780383,PG,Si
2020-08-13,1.1553091684434968,PG,Si
2020-08-14,1.1580383795309168,PG,Si
2020-08-17,1.1522388059701492,PG,Si
2020-08-18,1.1556503198294243,PG,Si
2020-08-19,1.1642643923240938,PG,Si
2020-08-20,1.1579530916844352,PG,Si
2020-08-21,1.1671641791044776,PG,Si
2020-08-24,1.1721961620469084,PG,Si
2020-08-25,1.181321961620469,PG,Si
2020-08-26,1.1860127931769724,PG,Si
2020-08-27,1.1802985074626864,PG,Si
2020-08-28,1.1787633262260129,PG,Si
2020-08-31,1.183539445628998,PG,Si
2020-09-01,1.1797867803837954,PG,Si
2020-09-02,1.1785074626865673,PG,Si
2020-09-03,1.1983795309168443,PG,Si
2020-09-04,1.179189765458422,PG,Si
2020-09-08,1.176631130063966,PG,Si
2020-09-09,1.1594029850746268,PG,Si
2020-09-10,1.1782515991471216,PG,Si
2020-09-11,1.1658848614072495,PG,Si
2020-09-14,1.1781663113006395,PG,Si
2020-09-15,1.1823454157782516,PG,Si
2020-09-16,1.1823454157782516,PG,Si
2020-09-17,1.174413646055437,PG,Si
2020-09-18,1.1728784648187633,PG,Si
2020-09-21,1.1715991471215352,PG,Si
2020-09-22,1.1659701492537313,PG,Si
2020-09-23,1.176631130063966,PG,Si
2020-09-24,1.1625586353944564,PG,Si
2020-09-25,1.1677611940298507,PG,Si
2020-09-28,1.173731343283582,PG,Si
2020-09-29,1.1770575692963752,PG,Si
2020-09-30,1.1706609808102344,PG,Si
2020-10-01,1.1854157782515993,PG,Si
2020-10-02,1.1875479744136461,PG,Si
2020-10-05,1.177995735607676,PG,Si
2020-10-06,1.188827292110874,PG,Si
2020-10-07,1.1907036247334757,PG,Si
2020-10-08,1.2,PG,Si
2020-10-09,1.2081023454157782,PG,Si
2020-10-12,1.2189339019189764,PG,Si
2020-10-13,1.232324093816631,PG,Si
2020-10-14,1.2299360341151386,PG,Si
2020-10-15,1.2284861407249466,PG,Si
2020-10-16,1.2266950959488274,PG,Si
2020-10-19,1.2092963752665244,PG,Si
2020-10-20,1.2159488272921108,PG,Si
2020-10-21,1.215181236673774,PG,Si
2020-10-22,1.2217484008528785,PG,Si
2020-10-23,1.2063965884861407,PG,Si
2020-10-26,1.2143283582089552,PG,Si
2020-10-27,1.2051172707889126,PG,Si
2020-10-28,1.2141577825159915,PG,Si
2020-10-29,1.1715991471215352,PG,Si
2020-10-30,1.1733049040511727,PG,Si
2020-11-02,1.1692963752665244,PG,Si
2020-11-03,1.1812366737739872,PG,Si
2020-11-04,1.2044349680170576,PG,Si
2020-11-05,1.1994882729211087,PG,Si
2020-11-06,1.2143283582089552,PG,Si
2020-11-09,1.2215778251599145,PG,Si
2020-11-10,1.1768869936034116,PG,Si
2020-11-11,1.1962473347547973,PG,Si
2020-11-12,1.211684434968017,PG,Si
2020-11-13,1.2123667377398721,PG,Si
2020-11-16,1.2305330490405118,PG,Si
2020-11-17,1.2147547974413646,PG,Si
2020-11-18,1.2100639658848613,PG,Si
2020-11-19,1.1914712153518123,PG,Si
2020-11-20,1.1900213219616205,PG,Si
2020-11-23,1.1880597014925374,PG,Si
2020-11-24,1.183454157782516,PG,Si
2020-11-25,1.1796162046908316,PG,Si
2020-11-27,1.182771855010661,PG,Si
2020-11-30,1.182174840085288,PG,Si
2020-12-01,1.1843923240938166,PG,Si
2020-12-02,1.1886567164179105,PG,Si
2020-12-03,1.180042643923241,PG,Si
2020-12-04,1.1713432835820896,PG,Si
2020-12-07,1.172452025586354,PG,Si
2020-12-08,1.1742430703624733,PG,Si
2020-12-09,1.177398720682303,PG,Si
2020-12-10,1.163411513859275,PG,Si
2020-12-11,1.155735607675906,PG,Si
2020-12-14,1.1642643923240938,PG,Si
2020-12-15,1.15863539445629,PG,Si
2020-12-16,1.16545842217484,PG,Si
2020-12-17,1.1707462686567165,PG,Si
2020-12-18,1.1791044776119404,PG,Si
2020-12-21,1.1858422174840084,PG,Si
2020-12-22,1.1728784648187633,PG,Si
2020-12-23,1.1646055437100213,PG,Si
2020-12-24,1.162814498933902,PG,Si
2020-12-28,1.1745842217484008,PG,Si
2020-12-29,1.182771855010661,PG,Si
2020-12-30,1.180554371002132,PG,Si
2020-12-31,1.1750106609808104,PG,Si
2021-01-04,1.1866950959488272,PG,Si
2021-01-05,1.1754371002132196,PG,Si
2021-01-06,1.1829424307036247,PG,Si
2021-01-07,1.1953944562899788,PG,Si
2021-01-08,1.1842217484008528,PG,Si
2021-01-11,1.1837100213219616,PG,Si
2021-01-12,1.1756929637526652,PG,Si
2021-01-13,1.1688699360341153,PG,Si
2021-01-14,1.1706609808102344,PG,Si
2021-01-15,1.1582089552238808,PG,Si
2021-01-19,1.1495095948827292,PG,Si
2021-01-20,1.1394456289978678,PG,Si
2021-01-21,1.1184522328547548,PG,Si
2021-01-22,1.1173560767590618,PG,Si
2021-01-25,1.1087420042643923,PG,Si
2021-01-26,1.1278464818763327,PG,Si
2021-01-27,1.135095948827292,PG,Si
2021-01-28,1.0949253731343283,PG,Si
2021-01-29,1.11181236673774,PG,Si
2021-02-01,1.0934754797441366,PG,Si
2021-02-02,1.099957356076759,PG,Si
2021-02-03,1.0984221748400853,PG,Si
2021-02-04,1.0997867803837953,PG,Si
2021-02-05,1.1004690831556503,PG,Si
2021-02-08,1.1050746268656715,PG,Si
2021-02-09,1.1016631130063965,PG,Si
2021-02-10,1.0973987206823026,PG,Si
2021-02-11,1.0935607675906183,PG,Si
2021-02-12,1.094498933901919,PG,Si
2021-02-16,1.0884434968017058,PG,Si
2021-02-17,1.091002132196162,PG,Si
2021-02-18,1.0956076759061835,PG,Si
2021-02-19,1.1047334754797442,PG,Si
2021-02-22,1.084179104477612,PG,Si
2021-02-23,1.0795735607675907,PG,Si
2021-02-24,1.0875906183368869,PG,Si
2021-02-25,1.0887846481876333,PG,Si
2021-02-26,1.0795735607675907,PG,Si
2021-03-01,1.0535607675906185,PG,Si
2021-03-02,1.060042643923241,PG,Si
2021-03-03,1.0567164179104478,PG,Si
2021-03-04,1.050405117270789,PG,Si
2021-03-05,1.0417910447761194,PG,Si
2021-03-08,1.074456289978678,PG,Si
2021-03-09,1.0857995735607675,PG,Si
2021-03-10,1.0761620469083155,PG,Si
2021-03-11,1.081734186211798,PG,Si
2021-03-12,1.0873063255152806,PG,Si
2021-03-15,1.0928784648187633,PG,Si
2021-03-16,1.0964605543710022,PG,Si
2021-03-17,1.0997014925373134,PG,Si
2021-03-18,1.0952665245202557,PG,Si
2021-03-19,1.0976545842217482,PG,Si
2021-03-22,1.091769722814499,PG,Si
2021-03-23,1.1102771855010662,PG,Si
2021-03-24,1.1309168443496802,PG,Si
2021-03-25,1.1305756929637527,PG,Si
2021-03-26,1.1384221748400851,PG,Si
2021-03-29,1.1552238805970148,PG,Si
2021-03-30,1.1552238805970148,PG,Si
2021-03-31,1.1552238805970148,PG,Si
2021-04-01,1.1550533049040512,PG,Si
2021-04-05,1.1452452025586355,PG,Si
2021-04-06,1.1637526652452024,PG,Si
2021-04-07,1.164179104477612,PG,Si
2021-04-08,1.166226012793177,PG,Si
2021-04-09,1.1706609808102344,PG,Si
2021-04-12,1.1630703624733476,PG,Si
2021-04-13,1.1677611940298507,PG,Si
2021-04-14,1.1523240938166313,PG,Si
2021-04-15,1.156503198294243,PG,Si
2021-04-16,1.1704904051172709,PG,Si
2021-04-19,1.1705756929637527,PG,Si
2021-04-20,1.1651172707889128,PG,Si
2021-04-21,1.1748400852878464,PG,Si
2021-04-22,1.1671641791044776,PG,Si
2021-04-23,1.148230277185501,PG,Si
2021-04-26,1.1423454157782515,PG,Si
2021-04-27,1.1194882729211086,PG,Si
2021-04-28,1.1188059701492539,PG,Si
2021-04-29,1.120682302771855,PG,Si
2021-04-30,1.1301492537313431,PG,Si
2021-05-03,1.1379104477611939,PG,Si
2021-05-04,1.1513859275053304,PG,Si
2021-05-05,1.1474626865671642,PG,Si
2021-05-06,1.1382515991471216,PG,Si
2021-05-07,1.1525799573560767,PG,Si
2021-05-10,1.1526652452025588,PG,Si
2021-05-11,1.1741577825159915,PG,Si
2021-05-12,1.168358208955224,PG,Si
2021-05-13,1.1559914712153518,PG,Si
2021-05-14,1.1745842217484008,PG,Si
2021-05-17,1.1770575692963752,PG,Si
2021-05-18,1.1746695095948827,PG,Si
2021-05-19,1.162643923240938,PG,Si
2021-05-20,1.1650319829424307,PG,Si
2021-05-21,1.1769722814498933,PG,Si
2021-05-24,1.1769722814498933,PG,Si
2021-05-25,1.176631130063966,PG,Si
2021-05-26,1.180639658848614,PG,Si
2021-05-27,1.177995735607676,PG,Si
2021-05-28,1.1512153518123667,PG,Si
2021-06-01,1.1501066098081023,PG,Si
2021-06-02,1.1333049040511727,PG,Si
2021-06-03,1.1382515991471216,PG,Si
2021-06-04,1.15863539445629,PG,Si
2021-06-07,1.1594882729211087,PG,Si
2021-06-08,1.1634968017057568,PG,Si
2021-06-09,1.1500213219616204,PG,Si
2021-06-10,1.149594882729211,PG,Si
2021-06-11,1.1581236673773987,PG,Si
2021-06-14,1.1501918976545844,PG,Si
2021-06-15,1.1506183368869936,PG,Si
2021-06-16,1.1484008528784648,PG,Si
2021-06-17,1.132452025586354,PG,Si
2021-06-18,1.1427718550106611,PG,Si
2021-06-21,1.1260554371002132,PG,Si
2021-06-22,1.1349253731343283,PG,Si
2021-06-23,1.1353518123667379,PG,Si
2021-06-24,1.133731343283582,PG,Si
2021-06-25,1.1344989339019191,PG,Si
2021-06-28,1.1507036247334754,PG,Si
2021-06-29,1.1541151385927504,PG,Si
2021-06-30,1.146268656716418,PG,Si
2020-06-02,1.0,MSFT,Si
2020-06-03,1.0069189957884375,MSFT,Si
2020-06-04,1.0138379915768747,MSFT,Si
2020-06-05,1.0004922605699282,MSFT,Si
2020-06-08,1.0239019854509652,MSFT,Si
2020-06-09,1.030246677241153,MSFT,Si
2020-06-10,1.0293988951484987,MSFT,Si
2020-06-11,1.0285511130558442,MSFT,Si
2020-06-12,1.0277033309631898,MSFT,Si
2020-06-15,1.0268555488705355,MSFT,Si
2020-06-16,1.0334190231362468,MSFT,Si
2020-06-17,1.0587430946781162,MSFT,Si
2020-06-18,1.0624077011431383,MSFT,Si
2020-06-19,1.0737843898703712,MSFT,Si
2020-06-22,1.0673850024613027,MSFT,Si
2020-06-23,1.0970300278947656,MSFT,Si
2020-06-24,1.1043592408248097,MSFT,Si
2020-06-25,1.0820981239402723,MSFT,Si
2020-06-26,1.0957720286605042,MSFT,Si
2020-06-29,1.0738390854892523,MSFT,Si
2020-06-30,1.085379861073128,MSFT,Si
2020-07-01,1.1131105398457581,MSFT,Si
2020-07-02,1.1196193184925887,MSFT,Si
2020-07-06,1.1281518350380133,MSFT,Si
2020-07-07,1.152436689821145,MSFT,Si
2020-07-08,1.139036263195318,MSFT,Si
2020-07-09,1.1640868566427829,MSFT,Si
2020-07-10,1.172236503856041,MSFT,Si
2020-07-13,1.1686812886287807,MSFT,Si
2020-07-14,1.1325821801673686,MSFT,Si
2020-07-15,1.1395832193841273,MSFT,Si
2020-07-16,1.1378876551988184,MSFT,Si
2020-07-17,1.1153530602198762,MSFT,Si
2020-07-20,1.1096647158562598,MSFT,Si
2020-07-21,1.1573592955204286,MSFT,Si
2020-07-22,1.1417710441393643,MSFT,Si
2020-07-23,1.1581797298036427,MSFT,Si
2020-07-24,1.1078050648143083,MSFT,Si
2020-07-27,1.1010228080730733,MSFT,Si
2020-07-28,1.1149701908877099,MSFT,Si
2020-07-29,1.1049608926325,MSFT,Si
2020-07-30,1.1161187988842094,MSFT,Si
2020-07-31,1.1152436689821146,MSFT,Si
2020-08-03,1.1213148826778974,MSFT,Si
2020-08-04,1.184378931247607,MSFT,Si
2020-08-05,1.1666028551113055,MSFT,Si
2020-08-06,1.164688508450473,MSFT,Si
2020-08-07,1.1833397144888693,MSFT,Si
2020-08-10,1.1621725099819502,MSFT,Si
2020-08-11,1.139036263195318,MSFT,Si
2020-08-12,1.1123994968003061,MSFT,Si
2020-08-13,1.1441776513701252,MSFT,Si
2020-08-14,1.1414975660449596,MSFT,Si
2020-08-17,1.1425914784225784,MSFT,Si
2020-08-18,1.1501394738281463,MSFT,Si
2020-08-19,1.1539511816115517,MSFT,Si
2020-08-20,1.1469671279330524,MSFT,Si
2020-08-21,1.1736585899469452,MSFT,Si
2020-08-24,1.1651260734015205,MSFT,Si
2020-08-25,1.1687906798665426,MSFT,Si
2020-08-26,1.1839960619154404,MSFT,Si
2020-08-27,1.2095936115517147,MSFT,Si
2020-08-28,1.2392933326040585,MSFT,Si
2020-08-31,1.2520374118033144,MSFT,Si
2020-09-01,1.233550292621561,MSFT,Si
2020-09-02,1.2430673303068425,MSFT,Si
2020-09-03,1.2670240113766886,MSFT,Si
2020-09-04,1.1885357982825575,MSFT,Si
2020-09-08,1.1718536345238746,MSFT,Si
2020-09-09,1.1084614122408794,MSFT,Si
2020-09-10,1.15566373133512,MSFT,Si
2020-09-11,1.1232839249576108,MSFT,Si
2020-09-14,1.1159547120275666,MSFT,Si
2020-09-15,1.1235027074331345,MSFT,Si
2020-09-16,1.141935130996007,MSFT,Si
2020-09-17,1.1215336651534211,MSFT,Si
2020-09-18,1.1098288027129026,MSFT,Si
2020-09-21,1.0960455067549089,MSFT,Si
2020-09-22,1.1078050648143083,MSFT,Si
2020-09-23,1.134496526828201,MSFT,Si
2020-09-24,1.0971394191325274,MSFT,Si
2020-09-25,1.1113602800415685,MSFT,Si
2020-09-28,1.136684351583438,MSFT,Si
2020-09-29,1.1455450418421484,MSFT,Si
2020-09-30,1.1336213969261062,MSFT,Si
2020-10-01,1.150412951922551,MSFT,Si
2020-10-02,1.1620631187441886,MSFT,Si
2020-10-05,1.127768965705847,MSFT,Si
2020-10-06,1.1506864300169555,MSFT,Si
2020-10-07,1.1262374883771809,MSFT,Si
2020-10-08,1.1476781709785047,MSFT,Si
2020-10-09,1.1517803423945743,MSFT,Si
2020-10-12,1.1803861510692992,MSFT,Si
2020-10-13,1.2109610020237378,MSFT,Si
2020-10-14,1.2189465623803533,MSFT,Si
2020-10-15,1.2080074386041677,MSFT,Si
2020-10-16,1.2014439643384565,MSFT,Si
2020-10-19,1.1720724169993981,MSFT,Si
2020-10-20,1.1731936771864573,MSFT,Si
2020-10-21,1.1740414592791117,MSFT,Si
2020-10-22,1.1748618935623256,MSFT,Si
2020-10-23,1.1753541541322539,MSFT,Si
2020-10-26,1.1826833670622983,MSFT,Si
2020-10-27,1.1663020292074604,MSFT,Si
2020-10-28,1.1064650221517256,MSFT,Si
2020-10-29,1.1085708034786412,MSFT,Si
2020-10-30,1.1197287097303505,MSFT,Si
2020-11-02,1.1074221954821417,MSFT,Si
2020-11-03,1.1066564568178088,MSFT,Si
2020-11-04,1.1290816605589893,MSFT,Si
2020-11-05,1.183558496964393,MSFT,Si
2020-11-06,1.221298473992233,MSFT,Si
2020-11-09,1.223650385604113,MSFT,Si
2020-11-10,1.1944976207405784,MSFT,Si
2020-11-11,1.154132254006454,MSFT,Si
2020-11-12,1.184433626866488,MSFT,Si
2020-11-13,1.178362413170705,MSFT,Si
2020-11-16,1.1842148443909641,MSFT,Si
2020-11-17,1.188152928950391,MSFT,Si
2020-11-18,1.1698984754829076,MSFT,Si
2020-11-19,1.1545151233386206,MSFT,Si
2020-11-20,1.1618443362686648,MSFT,Si
2020-11-23,1.1507411256358364,MSFT,Si
2020-11-24,1.1492096483071705,MSFT,Si
2020-11-25,1.1697205053875184,MSFT,Si
2020-11-27,1.1697752010063993,MSFT,Si
2020-11-30,1.1772138051742054,MSFT,Si
2020-12-01,1.170869113384018,MSFT,Si
2020-12-02,1.1825739758245364,MSFT,Si
2020-12-03,1.1779795438385385,MSFT,Si
2020-12-04,1.1717989389049936,MSFT,Si
2020-12-07,1.172455286331565,MSFT,Si
2020-12-08,1.1720724169993981,MSFT,Si
2020-12-09,1.1814800634469178,MSFT,Si
2020-12-10,1.1584532078980474,MSFT,Si
2020-12-11,1.1514521686812886,MSFT,Si
2020-12-14,1.1664387682546626,MSFT,Si
2020-12-15,1.1715801564294699,MSFT,Si
2020-12-16,1.1711972870973033,MSFT,Si
2020-12-17,1.1993655308209812,MSFT,Si
2020-12-18,1.2001312694853141,MSFT,Si
2020-12-21,1.1955915331181972,MSFT,Si
2020-12-22,1.2174697806705683,MSFT,Si
2020-12-23,1.2248536892194934,MSFT,Si
2020-12-24,1.2088825685062625,MSFT,Si
2020-12-28,1.2183449105726631,MSFT,Si
2020-12-29,1.230432642345348,MSFT,Si
2020-12-30,1.226002297215993,MSFT,Si
2020-12-31,1.212492479352404,MSFT,Si
2021-01-04,1.2165399551495923,MSFT,Si
2021-01-05,1.1906689274189137,MSFT,Si
2021-01-06,1.1918175354154132,MSFT,Si
2021-01-07,1.160914510747689,MSFT,Si
2021-01-08,1.1939506645517692,MSFT,Si
2021-01-11,1.2012251818629327,MSFT,Si
2021-01-12,1.1895750150412951,MSFT,Si
2021-01-13,1.1755729366077776,MSFT,Si
2021-01-14,1.1832850188699884,MSFT,Si
2021-01-15,1.1651260734015205,MSFT,Si
2021-01-19,1.1631023355029262,MSFT,Si
2021-01-20,1.1838319750587978,MSFT,Si
2021-01-21,1.2270415139747306,MSFT,Si
2021-01-22,1.230487337964229,MSFT,Si
2021-01-25,1.2358475086145597,MSFT,Si
2021-01-26,1.255428540173932,MSFT,Si
2021-01-27,1.2707433134605919,MSFT,Si
2021-01-28,1.2738609637368046,MSFT,Si
2021-01-29,1.306842421922004,MSFT,Si
2021-02-01,1.2687195755619975,MSFT,Si
2021-02-02,1.3107805064814309,MSFT,Si
2021-02-03,1.3100147678170977,MSFT,Si
2021-02-04,1.3291035388065415,MSFT,Si
2021-02-05,1.3236886725373296,MSFT,Si
2021-02-08,1.3247278892960672,MSFT,Si
2021-02-09,1.3262046710058524,MSFT,Si
2021-02-10,1.333315101460373,MSFT,Si
2021-02-11,1.3281190176666848,MSFT,Si
2021-02-12,1.3372531860197998,MSFT,Si
2021-02-16,1.3399879669638461,MSFT,Si
2021-02-17,1.3298825424322047,MSFT,Si
2021-02-18,1.3356670130722528,MSFT,Si
2021-02-19,1.3334244926981347,MSFT,Si
2021-02-22,1.3180003281737132,MSFT,Si
2021-02-23,1.282666958376634,MSFT,Si
2021-02-24,1.275884701635399,MSFT,Si
2021-02-25,1.2828857408521577,MSFT,Si
2021-02-26,1.252474976754362,MSFT,Si
2021-03-01,1.2710167915549964,MSFT,Si
2021-03-02,1.2959579937646994,MSFT,Si
2021-03-03,1.2791664387682546,MSFT,Si
2021-03-04,1.2446535032543893,MSFT,Si
2021-03-05,1.2401137668872722,MSFT,Si
2021-03-08,1.266750533282284,MSFT,Si
2021-03-09,1.2437236777334133,MSFT,Si
2021-03-10,1.2786741781983262,MSFT,Si
2021-03-11,1.282265857171507,MSFT,Si
2021-03-12,1.285857536144688,MSFT,Si
2021-03-15,1.289449215117869,MSFT,Si
2021-03-16,1.284307826943062,MSFT,Si
2021-03-17,1.300169556418531,MSFT,Si
2021-03-18,1.2965049499535086,MSFT,Si
2021-03-19,1.2619373188207623,MSFT,Si
2021-03-22,1.259913580922168,MSFT,Si
2021-03-23,1.2907619099710113,MSFT,Si
2021-03-24,1.2994585133730787,MSFT,Si
2021-03-25,1.287863042170322,MSFT,Si
2021-03-26,1.2707980090794726,MSFT,Si
2021-03-29,1.2934419952961766,MSFT,Si
2021-03-30,1.2921475323159946,MSFT,Si
2021-03-31,1.2908530693358127,MSFT,Si
2021-04-01,1.2895586063556308,MSFT,Si
2021-04-05,1.325548323579281,MSFT,Si
2021-04-06,1.3623037794672646,MSFT,Si
2021-04-07,1.3556856095826724,MSFT,Si
2021-04-08,1.3668435158343817,MSFT,Si
2021-04-09,1.3851665481594924,MSFT,Si
2021-04-12,1.3993874090685334,MSFT,Si
2021-04-13,1.399715582781819,MSFT,Si
2021-04-14,1.4138270524530985,MSFT,Si
2021-04-15,1.3979653229776294,MSFT,Si
2021-04-16,1.419351309960072,MSFT,Si
2021-04-19,1.426133566701307,MSFT,Si
2021-04-20,1.4151944429251218,MSFT,Si
2021-04-21,1.412569053218837,MSFT,Si
2021-04-22,1.4252584367992123,MSFT,Si
2021-04-23,1.406607230760816,MSFT,Si
2021-04-26,1.428376087075425,MSFT,Si
2021-04-27,1.4305639118306623,MSFT,Si
2021-04-28,1.4328611278236614,MSFT,Si
2021-04-29,1.392331674232894,MSFT,Si
2021-04-30,1.3811190723623037,MSFT,Si
2021-05-03,1.3793141169392331,MSFT,Si
2021-05-04,1.3775638571350435,MSFT,Si
2021-05-05,1.3553027402505058,MSFT,Si
2021-05-06,1.3480829185582235,MSFT,Si
2021-05-07,1.3659136903134057,MSFT,Si
2021-05-10,1.380845594267899,MSFT,Si
2021-05-11,1.3519663074987693,MSFT,Si
2021-05-12,1.3467702237050811,MSFT,Si
2021-05-13,1.3072252912541704,MSFT,Si
2021-05-14,1.3292676256631843,MSFT,Si
2021-05-17,1.3572717825302192,MSFT,Si
2021-05-18,1.3410271837225838,MSFT,Si
2021-05-19,1.329541103757589,MSFT,Si
2021-05-20,1.3297598862331126,MSFT,Si
2021-05-21,1.3481376141771042,MSFT,Si
2021-05-24,1.3409724881037028,MSFT,Si
2021-05-25,1.3716567302959033,MSFT,Si
2021-05-26,1.3767981184707103,MSFT,Si
2021-05-27,1.3755401192364491,MSFT,Si
2021-05-28,1.363616474320407,MSFT,Si
2021-06-01,1.3656402122190012,MSFT,Si
2021-06-02,1.3531696111141498,MSFT,Si
2021-06-03,1.3526226549253404,MSFT,Si
2021-06-04,1.343926051523273,MSFT,Si
2021-06-07,1.371711425914784,MSFT,Si
2021-06-08,1.3882295028168243,MSFT,Si
2021-06-09,1.381447246075589,MSFT,Si
2021-06-10,1.3870261992014439,MSFT,Si
2021-06-11,1.4069901000929825,MSFT,Si
2021-06-14,1.4105453153202427,MSFT,Si
2021-06-15,1.4214844390964283,MSFT,Si
2021-06-16,1.4131160094076465,MSFT,Si
2021-06-17,1.4077558387573155,MSFT,Si
2021-06-18,1.427008696603402,MSFT,Si
2021-06-21,1.4189684406279057,MSFT,Si
2021-06-22,1.4364710386698025,MSFT,Si
2021-06-23,1.4522233769075095,MSFT,Si
2021-06-24,1.4509380298638077,MSFT,Si
2021-06-25,1.458677459935459,MSFT,Si
2021-06-28,1.449543291582344,MSFT,Si
2021-06-29,1.4697806705682874,MSFT,Si
2021-06-30,1.4844390964283758,MSFT,Si
2020-06-02,1.0,NKE,Si
2020-06-03,1.0338528740196564,NKE,Si
2020-06-04,1.0335550481485158,NKE,Si
2020-06-05,1.0054601409709123,NKE,Si
2020-06-08,1.0196565074952844,NKE,Si
2020-06-09,1.03534200337536,NKE,Si
2020-06-10,1.0142956418147522,NKE,Si
2020-06-11,0.9446043879678349,NKE,Si
2020-06-12,0.9577087262980244,NKE,Si
2020-06-15,0.9573116251365036,NKE,Si
2020-06-16,0.9713094410801152,NKE,Si
2020-06-17,0.9832224759257421,NKE,Si
2020-06-18,0.9849101558622058,NKE,Si
2020-06-19,0.9773652337933089,NKE,Si
2020-06-22,0.9508587312617889,NKE,Si
2020-06-23,0.9878884145736126,NKE,Si
2020-06-24,1.0118137595552468,NKE,Si
2020-06-25,0.9935471061252854,NKE,Si
2020-06-26,1.006651444455475,NKE,Si
2020-06-29,0.9299116449915615,NKE,Si
2020-06-30,0.951752208875211,NKE,Si
2020-07-01,0.9733942221780998,NKE,Si
2020-07-02,0.9669413283033853,NKE,Si
2020-07-06,0.9771666832125484,NKE,Si
2020-07-07,0.9922565273503425,NKE,Si
2020-07-08,0.9636652437208377,NKE,Si
2020-07-09,0.9812369701181376,NKE,Si
2020-07-10,0.962871041397796,NKE,Si
2020-07-13,0.9727985704358184,NKE,Si
2020-07-14,0.957609451007644,NKE,Si
2020-07-15,0.9605877097190509,NKE,Si
2020-07-16,0.9782587114067309,NKE,Si
2020-07-17,0.9655514742380622,NKE,Si
2020-07-20,0.9558224957808001,NKE,Si
2020-07-21,0.949568152486846,NKE,Si
2020-07-22,0.9764717561798868,NKE,Si
2020-07-23,0.9819318971507991,NKE,Si
2020-07-24,0.9758761044376054,NKE,Si
2020-07-27,0.9771666832125484,NKE,Si
2020-07-28,0.9650550977861609,NKE,Si
2020-07-29,0.9557232204904199,NKE,Si
2020-07-30,0.9626724908170355,NKE,Si
2020-07-31,0.9611833614613322,NKE,Si
2020-08-03,0.9690261094013699,NKE,Si
2020-08-04,0.9761739303087461,NKE,Si
2020-08-05,0.9662464012707237,NKE,Si
2020-08-06,1.0020847810979847,NKE,Si
2020-08-07,0.9972202918693537,NKE,Si
2020-08-10,1.0112181078129654,NKE,Si
2020-08-11,1.046460835897945,NKE,Si
2020-08-12,1.0435818524769185,NKE,Si
2020-08-13,1.0445746053807208,NKE,Si
2020-08-14,1.0574803931301497,NKE,Si
2020-08-17,1.056586915516728,NKE,Si
2020-08-18,1.0489427181574504,NKE,Si
2020-08-19,1.06194778119726,NKE,Si
2020-08-20,1.076044872431252,NKE,Si
2020-08-21,1.0722724113968034,NKE,Si
2020-08-24,1.0895463119229623,NKE,Si
2020-08-25,1.110195572322049,NKE,Si
2020-08-26,1.1070187630298818,NKE,Si
2020-08-27,1.1072173136106422,NKE,Si
2020-08-28,1.0979717083816143,NKE,Si
2020-08-31,1.1147622356795395,NKE,Si
2020-09-01,1.1107912240643303,NKE,Si
2020-09-02,1.1400774347264966,NKE,Si
2020-09-03,1.1595353916410205,NKE,Si
2020-09-04,1.1203216519408319,NKE,Si
2020-09-08,1.1158542638737219,NKE,Si
2020-09-09,1.119031073165889,NKE,Si
2020-09-10,1.140673086468778,NKE,Si
2020-09-11,1.1395810582745955,NKE,Si
2020-09-14,1.1714484264866474,NKE,Si
2020-09-15,1.184155663655316,NKE,Si
2020-09-16,1.184056388364936,NKE,Si
2020-09-17,1.1773056686190806,NKE,Si
2020-09-18,1.1551672788642906,NKE,Si
2020-09-21,1.1382904794996525,NKE,Si
2020-09-22,1.1254839670406036,NKE,Si
2020-09-23,1.1602303186736822,NKE,Si
2020-09-24,1.2618882160230318,NKE,Si
2020-09-25,1.238459247493299,NKE,Si
2020-09-28,1.2332969323935272,NKE,Si
2020-09-29,1.2341904100069492,NKE,Si
2020-09-30,1.2543432939541348,NKE,Si
2020-10-01,1.2463019954333368,NKE,Si
2020-10-02,1.2572222773751613,NKE,Si
2020-10-05,1.2572222773751613,NKE,Si
2020-10-06,1.2698302392534497,NKE,Si
2020-10-07,1.267249081703564,NKE,Si
2020-10-08,1.291174426685198,NKE,Si
2020-10-09,1.2876997915218902,NKE,Si
2020-10-12,1.3003077534001786,NKE,Si
2020-10-13,1.2852179092623846,NKE,Si
2020-10-14,1.2826367517124986,NKE,Si
2020-10-15,1.267348356993944,NKE,Si
2020-10-16,1.2806512459048942,NKE,Si
2020-10-19,1.2647175617988682,NKE,Si
2020-10-20,1.275786756676263,NKE,Si
2020-10-21,1.2755882060955028,NKE,Si
2020-10-22,1.284920083391244,NKE,Si
2020-10-23,1.2907773255236772,NKE,Si
2020-10-26,1.2904794996525366,NKE,Si
2020-10-27,1.27439690261094,NKE,Si
2020-10-28,1.2099672391541745,NKE,Si
2020-10-29,1.2119527449617788,NKE,Si
2020-10-30,1.2196962176114365,NKE,Si
2020-11-02,1.192097686885734,NKE,Si
2020-11-03,1.2150302789635659,NKE,Si
2020-11-04,1.2368708428472153,NKE,Si
2020-11-05,1.264171547701777,NKE,Si
2020-11-06,1.2876005162315098,NKE,Si
2020-11-09,1.2796584930010921,NKE,Si
2020-11-10,1.280154869452993,NKE,Si
2020-11-11,1.2678447334458451,NKE,Si
2020-11-12,1.267348356993944,NKE,Si
2020-11-13,1.2572222773751613,NKE,Si
2020-11-16,1.2735034249975181,NKE,Si
2020-11-17,1.2916708031370994,NKE,Si
2020-11-18,1.3125186141169463,NKE,Si
2020-11-19,1.3067606472748932,NKE,Si
2020-11-20,1.3095403554055394,NKE,Si
2020-11-23,1.3201628114762234,NKE,Si
2020-11-24,1.3315794698699492,NKE,Si
2020-11-25,1.337238161421622,NKE,Si
2020-11-27,1.3455772858135608,NKE,Si
2020-11-30,1.332770773354512,NKE,Si
2020-12-01,1.337238161421622,NKE,Si
2020-12-02,1.3445845329097588,NKE,Si
2020-12-03,1.345974386975082,NKE,Si
2020-12-04,1.3569543359193885,NKE,Si
2020-12-07,1.361957708726298,NKE,Si
2020-12-08,1.377444654025613,NKE,Si
2020-12-09,1.3811178397696813,NKE,Si
2020-12-10,1.3778417551871338,NKE,Si
2020-12-11,1.3658294450511268,NKE,Si
2020-12-14,1.3641417651146628,NKE,Si
2020-12-15,1.3529236573016976,NKE,Si
2020-12-16,1.3837982726099471,NKE,Si
2020-12-17,1.3733743671200238,NKE,Si
2020-12-18,1.3948178298421523,NKE,Si
2020-12-21,1.36285118633972,NKE,Si
2020-12-22,1.4297627320559914,NKE,Si
2020-12-23,1.4141765114662959,NKE,Si
2020-12-24,1.4073265164300603,NKE,Si
2020-12-28,1.405738111783977,NKE,Si
2020-12-29,1.4139779608855356,NKE,Si
2020-12-30,1.405440285912836,NKE,Si
2020-12-31,1.4055395612032167,NKE,Si
2021-01-04,1.404447533009034,NKE,Si
2021-01-05,1.3908468182269431,NKE,Si
2021-01-06,1.4020649260399085,NKE,Si
2021-01-07,1.4131837585624938,NKE,Si
2021-01-08,1.438995334061352,NKE,Si
2021-01-11,1.4528938747145834,NKE,Si
2021-01-12,1.4598431450411993,NKE,Si
2021-01-13,1.4399880869651545,NKE,Si
2021-01-14,1.420033753598729,NKE,Si
2021-01-15,1.4027598530725702,NKE,Si
2021-01-19,1.3970018862305171,NKE,Si
2021-01-20,1.3826069691253848,NKE,Si
2021-01-21,1.417651146629604,NKE,Si
2021-01-22,1.4058373870743572,NKE,Si
2021-01-25,1.3834011714484264,NKE,Si
2021-01-26,1.3655316191799862,NKE,Si
2021-01-27,1.341209173036831,NKE,Si
2021-01-28,1.3007048545616997,NKE,Si
2021-01-29,1.3374367120023825,NKE,Si
2021-02-01,1.3262186041894173,NKE,Si
2021-02-02,1.3472649657500249,NKE,Si
2021-02-03,1.385783778417552,NKE,Si
2021-02-04,1.3762533505410501,NKE,Si
2021-02-05,1.3961084086170952,NKE,Si
2021-02-08,1.4405837387074358,NKE,Si
2021-02-09,1.4237069393427975,NKE,Si
2021-02-10,1.4076243423012011,NKE,Si
2021-02-11,1.4142757867566762,NKE,Si
2021-02-12,1.4249975181177403,NKE,Si
2021-02-16,1.4109004268837486,NKE,Si
2021-02-17,1.4068301399781595,NKE,Si
2021-02-18,1.4294649061848506,NKE,Si
2021-02-19,1.4403851881266752,NKE,Si
2021-02-22,1.4099076739799465,NKE,Si
2021-02-23,1.3567953936265262,NKE,Si
2021-02-24,1.351434527945994,NKE,Si
2021-02-25,1.3466693140077435,NKE,Si
2021-02-26,1.3428374112913728,NKE,Si
2021-03-01,1.3380323637446638,NKE,Si
2021-03-02,1.3665243720837883,NKE,Si
2021-03-03,1.3602700287898342,NKE,Si
2021-03-04,1.3328700486448921,NKE,Si
2021-03-05,1.3108309341804822,NKE,Si
2021-03-08,1.3238359972202918,NKE,Si
2021-03-09,1.335848307356299,NKE,Si
2021-03-10,1.3496475727191501,NKE,Si
2021-03-11,1.3645388662761837,NKE,Si
2021-03-12,1.3794301598332173,NKE,Si
2021-03-15,1.394321453390251,NKE,Si
2021-03-16,1.4388960587709718,NKE,Si
2021-03-17,1.4360170753499455,NKE,Si
2021-03-18,1.437704755286409,NKE,Si
2021-03-19,1.421324332373672,NKE,Si
2021-03-22,1.3649359674377048,NKE,Si
2021-03-23,1.3726794400873623,NKE,Si
2021-03-24,1.3612627816936365,NKE,Si
2021-03-25,1.3219497667030675,NKE,Si
2021-03-26,1.277077335451206,NKE,Si
2021-03-29,1.3202620867666037,NKE,Si
2021-03-30,1.319931169132003,NKE,Si
2021-03-31,1.3196002514974021,NKE,Si
2021-04-01,1.3192693338628014,NKE,Si
2021-04-05,1.3156954234091134,NKE,Si
2021-04-06,1.3414077236175916,NKE,Si
2021-04-07,1.3616598828551572,NKE,Si
2021-04-08,1.3555048148515834,NKE,Si
2021-04-09,1.3271120818028392,NKE,Si
2021-04-12,1.3446838082001389,NKE,Si
2021-04-13,1.3564975677553854,NKE,Si
2021-04-14,1.325722227737516,NKE,Si
2021-04-15,1.3130149905688473,NKE,Si
2021-04-16,1.327012806512459,NKE,Si
2021-04-19,1.3333664250967934,NKE,Si
2021-04-20,1.3160925245706343,NKE,Si
2021-04-21,1.2618882160230318,NKE,Si
2021-04-22,1.2895860220391144,NKE,Si
2021-04-23,1.2824382011317383,NKE,Si
2021-04-26,1.292465005460141,NKE,Si
2021-04-27,1.3064628214037526,NKE,Si
2021-04-28,1.3115258612131442,NKE,Si
2021-04-29,1.2976273205599127,NKE,Si
2021-04-30,1.3229425196068698,NKE,Si
2021-05-03,1.3165889010225356,NKE,Si
2021-05-04,1.3206591879281246,NKE,Si
2021-05-05,1.3059664449518515,NKE,Si
2021-05-06,1.3125186141169463,NKE,Si
2021-05-07,1.325225851285615,NKE,Si
2021-05-10,1.368112776729872,NKE,Si
2021-05-11,1.3541149607862604,NKE,Si
2021-05-12,1.3612627816936365,NKE,Si
2021-05-13,1.3242330983818127,NKE,Si
2021-05-14,1.3264171547701777,NKE,Si
2021-05-17,1.3494490221383897,NKE,Si
2021-05-18,1.3542142360766405,NKE,Si
2021-05-19,1.3457758363943215,NKE,Si
2021-05-20,1.3199642608954631,NKE,Si
2021-05-21,1.3230417948972502,NKE,Si
2021-05-24,1.3169860021840563,NKE,Si
2021-05-25,1.3308845428372877,NKE,Si
2021-05-26,1.3334657003871735,NKE,Si
2021-05-27,1.358979450014891,NKE,Si
2021-05-28,1.3557033654323438,NKE,Si
2021-06-01,1.3547106125285417,NKE,Si
2021-06-02,1.3353519309043977,NKE,Si
2021-06-03,1.3319765710314702,NKE,Si
2021-06-04,1.3319765710314702,NKE,Si
2021-06-07,1.3277077335451206,NKE,Si
2021-06-08,1.329792514643105,NKE,Si
2021-06-09,1.3238359972202918,NKE,Si
2021-06-10,1.3088454283728779,NKE,Si
2021-06-11,1.3003077534001786,NKE,Si
2021-06-14,1.3098381812766802,NKE,Si
2021-06-15,1.3040802144346273,NKE,Si
2021-06-16,1.293457758363943,NKE,Si
2021-06-17,1.2945497865581257,NKE,Si
2021-06-18,1.2798570435818524,NKE,Si
2021-06-21,1.274794003772461,NKE,Si
2021-06-22,1.2913729772659586,NKE,Si
2021-06-23,1.3151990469572121,NKE,Si
2021-06-24,1.3213541149607861,NKE,Si
2021-06-25,1.3263178794797974,NKE,Si
2021-06-28,1.532314107018763,NKE,Si
2021-06-29,1.5125583242330984,NKE,Si
2021-06-30,1.5481981534795988,NKE,Si
2020-06-02,1.0,Cartera,Si
2020-06-03,1.0154100973276448,Cartera,Si
2020-06-04,1.0194758562345374,Cartera,Si
2020-06-05,0.9986549872836734,Cartera,Si
2020-06-08,1.017684086490469,Cartera,Si
2020-06-09,1.027068618621086,Cartera,Si
2020-06-10,1.0158230422820462,Cartera,Si
2020-06-11,0.9882712856338282,Cartera,Si
2020-06-12,0.9907422643587234,Cartera,Si
2020-06-15,0.9903329010515193,Cartera,Si
2020-06-16,1.0044647406669074,Cartera,Si
2020-06-17,1.0167478079125565,Cartera,Si
2020-06-18,1.0179288310937542,Cartera,Si
2020-06-19,1.0228472435777658,Cartera,Si
2020-06-22,1.0105396186322753,Cartera,Si
2020-06-23,1.0296989016248241,Cartera,Si
2020-06-24,1.040246374981825,Cartera,Si
2020-06-25,1.0231384739219147,Cartera,Si
2020-06-26,1.0362525918288774,Cartera,Si
2020-06-29,0.9952128023765617,Cartera,Si
2020-06-30,1.0135652490604772,Cartera,Si
2020-07-01,1.0353642079181113,Cartera,Si
2020-07-02,1.0362777654882456,Cartera,Si
2020-07-06,1.045154212541852,Cartera,Si
2020-07-07,1.0601950880504203,Cartera,Si
2020-07-08,1.0476170970665832,Cartera,Si
2020-07-09,1.0635789329967447,Cartera,Si
2020-07-10,1.058242410499877,Cartera,Si
2020-07-13,1.0648703861816284,Cartera,Si
2020-07-14,1.0488223906344085,Cartera,Si
2020-07-15,1.055001806810862,Cartera,Si
2020-07-16,1.0592891746386397,Cartera,Si
2020-07-17,1.0484472866160073,Cartera,Si
2020-07-20,1.04558057484883,Cartera,Si
2020-07-21,1.0571981263799977,Cartera,Si
2020-07-22,1.0619577236952624,Cartera,Si
2020-07-23,1.0698291253828618,Cartera,Si
2020-07-24,1.0544111317505604,Cartera,Si
2020-07-27,1.0521669744888806,Cartera,Si
2020-07-28,1.0532651265050035,Cartera,Si
2020-07-29,1.0510541868448389,Cartera,Si
2020-07-30,1.058317585735543,Cartera,Si
2020-07-31,1.0660458510922048,Cartera,Si
2020-08-03,1.0700685959470124,Cartera,Si
2020-08-04,1.093222731184067,Cartera,Si
2020-08-05,1.0909864366606323,Cartera,Si
2020-08-06,1.1029266696862372,Cartera,Si
2020-08-07,1.1050181525431764,Cartera,Si
2020-08-10,1.1059311712451243,Cartera,Si
2020-08-11,1.1129583718327876,Cartera,Si
2020-08-12,1.1008552418687787,Cartera,Si
2020-08-13,1.117829137943762,Cartera,Si
2020-08-14,1.122440189984563,Cartera,Si
2020-08-17,1.1206088540879258,Cartera,Si
2020-08-18,1.1214799403963387,Cartera,Si
2020-08-19,1.130140105567168,Cartera,Si
2020-08-20,1.1308187946410528,Cartera,Si
2020-08-21,1.1412676020261328,Cartera,Si
2020-08-24,1.1462704982056868,Cartera,Si
2020-08-25,1.1576883549547552,Cartera,Si
2020-08-26,1.163136762817083,Cartera,Si
2020-08-27,1.1697204720130587,Cartera,Si
2020-08-28,1.1755310548740372,Cartera,Si
2020-08-31,1.1871403887990981,Cartera,Si
2020-09-01,1.1786331241004102,Cartera,Si
2020-09-02,1.1915965077042374,Cartera,Si
2020-09-03,1.2127280892006804,Cartera,Si
2020-09-04,1.1675424506158973,Cartera,Si
2020-09-08,1.1596836001021689,Cartera,Si
2020-09-09,1.1342128380467253,Cartera,Si
2020-09-10,1.1637707147069238,Cartera,Si
2020-09-11,1.1484587679354505,Cartera,Si
2020-09-14,1.1606987794762218,Cartera,Si
2020-09-15,1.168884915184313,Cartera,Si
2020-09-16,1.1752445747297107,Cartera,Si
2020-09-17,1.1633841825805822,Cartera,Si
2020-09-18,1.151537847813068,Cartera,Si
2020-09-21,1.1407441453242178,Cartera,Si
2020-09-22,1.1387188992398178,Cartera,Si
2020-09-23,1.1630532512383656,Cartera,Si
2020-09-24,1.179619151890918,Cartera,Si
2020-09-25,1.179174931097346,Cartera,Si
2020-09-28,1.188502476885425,Cartera,Si
2020-09-29,1.1930003884789502,Cartera,Si
2020-09-30,1.193193547600654,Cartera,Si
2020-10-01,1.2015480370005467,Cartera,Si
2020-10-02,1.2098338247311988,Cartera,Si
2020-10-05,1.1946886800732948,Cartera,Si
2020-10-06,1.2104364263458414,Cartera,Si
2020-10-07,1.2016802742462478,Cartera,Si
2020-10-08,1.219995746836455,Cartera,Si
2020-10-09,1.223100721786555,Cartera,Si
2020-10-12,1.2408735983126442,Cartera,Si
2020-10-13,1.2513311662530824,Cartera,Si
2020-10-14,1.2524357607216228,Cartera,Si
2020-10-15,1.2432209291335208,Cartera,Si
2020-10-16,1.2447150308683494,Cartera,Si
2020-10-19,1.2235249424881285,Cartera,Si
2020-10-20,1.2297282329193961,Cartera,Si
2020-10-21,1.2297018875515546,Cartera,Si
2020-10-22,1.2352022718295246,Cartera,Si
2020-10-23,1.2320780327139407,Cartera,Si
2020-10-26,1.2372444546802555,Cartera,Si
2020-10-27,1.2232640772871846,Cartera,Si
2020-10-28,1.1847882985208378,Cartera,Si
2020-10-29,1.1723449167083038,Cartera,Si
2020-10-30,1.1793439339575011,Cartera,Si
2020-11-02,1.164785151415543,Cartera,Si
2020-11-03,1.1759504864828243,Cartera,Si
2020-11-04,1.1986378010060037,Cartera,Si
2020-11-05,1.2250933880071657,Cartera,Si
2020-11-06,1.2507353871629459,Cartera,Si
2020-11-09,1.2514556465660474,Cartera,Si
2020-11-10,1.2264177566720607,Cartera,Si
2020-11-11,1.215396995446903,Cartera,Si
2020-11-12,1.2311030739590125,Cartera,Si
2020-11-13,1.2259518482967473,Cartera,Si
2020-11-16,1.2393967994600263,Cartera,Si
2020-11-17,1.2413669695489953,Cartera,Si
2020-11-18,1.24009039708893,Cartera,Si
2020-11-19,1.226490175803491,Cartera,Si
2020-11-20,1.2294577036463972,Cartera,Si
2020-11-23,1.2281899939387888,Cartera,Si
2020-11-24,1.2295985353481558,Cartera,Si
2020-11-25,1.2373263133903278,Cartera,Si
2020-11-27,1.2410209655411004,Cartera,Si
2020-11-30,1.2395055789828453,Cartera,Si
2020-12-01,1.2394387029508431,Cartera,Si
2020-12-02,1.2473260402745705,Cartera,Si
2020-12-03,1.2431273992923593,Cartera,Si
2020-12-04,1.2412787708737425,Cartera,Si
2020-12-07,1.2434277899531325,Cartera,Si
2020-12-08,1.2486386409254255,Cartera,Si
2020-12-09,1.2542078039476352,Cartera,Si
2020-12-10,1.2401014591011397,Cartera,Si
2020-12-11,1.2312721841823349,Cartera,Si
2020-12-14,1.2391356116132721,Cartera,Si
2020-12-15,1.2355625186495396,Cartera,Si
2020-12-16,1.24725205782705,Cartera,Si
2020-12-17,1.2560057414658985,Cartera,Si
2020-12-18,1.2657989744663614,Cartera,Si
2020-12-21,1.2569440509068295,Cartera,Si
2020-12-22,1.2806013005347139,Cartera,Si
2020-12-23,1.2755259272447341,Cartera,Si
2020-12-24,1.2672686358413345,Cartera,Si
2020-12-28,1.2743739712339215,Cartera,Si
2020-12-29,1.2840395386217476,Cartera,Si
2020-12-30,1.2791116030480802,Cartera,Si
2020-12-31,1.2724411966035862,Cartera,Si
2021-01-04,1.2777452866880663,Cartera,Si
2021-01-05,1.2605225780190457,Cartera,Si
2021-01-06,1.266999765704304,Cartera,Si
2021-01-07,1.263843803095256,Cartera,Si
2021-01-08,1.2795893536126228,Cartera,Si
2021-01-11,1.2861234462362434,Cartera,Si
2021-01-12,1.2811125643070138,Cartera,Si
2021-01-13,1.2677997201058275,Cartera,Si
2021-01-14,1.2653635467325977,Cartera,Si
2021-01-15,1.2492734404878798,Cartera,Si
2021-01-19,1.2437130437307198,Cartera,Si
2021-01-20,1.2432004495273525,Cartera,Si
2021-01-21,1.261194513288694,Cartera,Si
2021-01-22,1.2584597554920487,Cartera,Si
2021-01-25,1.250358410875097,Cartera,Si
2021-01-26,1.2587599305475132,Cartera,Si
2021-01-27,1.2591018279859783,Cartera,Si
2021-01-28,1.2326035972359017,Cartera,Si
2021-01-29,1.2611810460261073,Cartera,Si
2021-02-01,1.2384578088663136,Cartera,Si
2021-02-02,1.2611420187146944,Cartera,Si
2021-02-03,1.2723285661171788,Cartera,Si
2021-02-04,1.2761186062920882,Cartera,Si
2021-02-05,1.2807863134510646,Cartera,Si
2021-02-08,1.2965087381304043,Cartera,Si
2021-02-09,1.2905933721990501,Cartera,Si
2021-02-10,1.2863749975482566,Cartera,Si
2021-02-11,1.2852304938988894,Cartera,Si
2021-02-12,1.2917922374647914,Cartera,Si
2021-02-16,1.2860307361559489,Cartera,Si
2021-02-17,1.282568918630193,Cartera,Si
2021-02-18,1.293111718418548,Cartera,Si
2021-02-19,1.2992712012584342,Cartera,Si
2021-02-22,1.2770396569715399,Cartera,Si
2021-02-23,1.2477839462434002,Cartera,Si
2021-02-24,1.2470300308283537,Cartera,Si
2021-02-25,1.2483015979985106,Cartera,Si
2021-02-26,1.2337337496300556,Cartera,Si
2021-03-01,1.2284412073330004,Cartera,Si
2021-03-02,1.2477151810217337,Cartera,Si
2021-03-03,1.239117793397984,Cartera,Si
2021-03-04,1.217186893485565,Cartera,Si
2021-03-05,1.2056710130629797,Cartera,Si
2021-03-08,1.230891810025243,Cartera,Si
2021-03-09,1.2314880557226033,Cartera,Si
2021-03-10,1.2436204674817855,Cartera,Si
2021-03-11,1.2515050897243747,Cartera,Si
2021-03-12,1.2593750614385169,Cartera,Si
2021-03-15,1.2672307013165107,Cartera,Si
2021-03-16,1.2804348492246895,Cartera,Si
2021-03-17,1.2861137490761807,Cartera,Si
2021-03-18,1.283680338978222,Cartera,Si
2021-03-19,1.268329543952582,Cartera,Si
2021-03-22,1.248612051984753,Cartera,Si
2021-03-23,1.2682191821108804,Cartera,Si
2021-03-24,1.2754100516281732,Cartera,Si
2021-03-25,1.259210310768915,Cartera,Si
2021-03-26,1.2423140034429336,Cartera,Si
2021-03-29,1.2698075626470464,Cartera,Si
2021-03-30,1.2692778688699815,Cartera,Si
2021-03-31,1.2687479452799753,Cartera,Si
2021-04-01,1.2681553454196044,Cartera,Si
2021-04-05,1.2752181573363321,Cartera,Si
2021-04-06,1.30218115710565,Cartera,Si
2021-04-07,1.3067848247807474,Cartera,Si
2021-04-08,1.3091668435429098,Cartera,Si
2021-04-09,1.3075356027983764,Cartera,Si
2021-04-12,1.3149550238409986,Cartera,Si
2021-04-13,1.3206764752227675,Cartera,Si
2021-04-14,1.309307615587957,Cartera,Si
2021-04-15,1.30181075099624,Cartera,Si
2021-04-16,1.3183234188833277,Cartera,Si
2021-04-19,1.3225592779909627,Cartera,Si
2021-04-20,1.3114107187612338,Cartera,Si
2021-04-21,1.296243812598554,Cartera,Si
2021-04-22,1.306786212125841,Cartera,Si
2021-04-23,1.2916052511982086,Cartera,Si
2021-04-26,1.299427873086603,Cartera,Si
2021-04-27,1.2961156541539773,Cartera,Si
2021-04-28,1.29822042244543,Cartera,Si
2021-04-29,1.2821199679650224,Cartera,Si
2021-04-30,1.2906260705307941,Cartera,Si
2021-05-03,1.2909521196075635,Cartera,Si
2021-05-04,1.2968323666448442,Cartera,Si
2021-05-05,1.2835646956865367,Cartera,Si
2021-05-06,1.2799975238469055,Cartera,Si
2021-05-07,1.2951426126040573,Cartera,Si
2021-05-10,1.3138650985296205,Cartera,Si
2021-05-11,1.30839077737491,Cartera,Si
2021-05-12,1.3068625296868694,Cartera,Si
2021-05-13,1.2776106094458237,Cartera,Si
2021-05-14,1.292343604723656,Cartera,Si
2021-05-17,1.3098062035967604,Cartera,Si
2021-05-18,1.3052366492594991,Cartera,Si
2021-05-19,1.2943449838809962,Cartera,Si
2021-05-20,1.2870271225472305,Cartera,Si
2021-05-21,1.2983532897690373,Cartera,Si
2021-05-24,1.2940721831569286,Cartera,Si
2021-05-25,1.3083697486808752,Cartera,Si
2021-05-26,1.3123360802828004,Cartera,Si
2021-05-27,1.3193265884238137,Cartera,Si
2021-05-28,1.3044565085577813,Cartera,Si
2021-06-01,1.3043646363851518,Cartera,Si
2021-06-02,1.2878294602477436,Cartera,Si
2021-06-03,1.2884445892551812,Cartera,Si
2021-06-04,1.2933744142461783,Cartera,Si
2021-06-07,1.3012234706699457,Cartera,Si
2021-06-08,1.3086271336602109,Cartera,Si
2021-06-09,1.299489990565534,Cartera,Si
2021-06-10,1.2961737310856156,Cartera,Si
2021-06-11,1.3027795516577254,Cartera,Si
2021-06-14,1.3040855342223927,Cartera,Si
2021-06-15,1.3057069740979894,Cartera,Si
2021-06-16,1.2987606691330853,Cartera,Si
2021-06-17,1.2914717022648536,Cartera,Si
2021-06-18,1.2963962566072154,Cartera,Si
2021-06-21,1.28593077733952,Cartera,Si
2021-06-22,1.3001690097549163,Cartera,Si
2021-06-23,1.3130805220299484,Cartera,Si
2021-06-24,1.3141167959702273,Cartera,Si
2021-06-25,1.3183954329387588,Cartera,Si
2021-06-28,1.3901759054040639,Cartera,Si
2021-06-29,1.392044836645034,Cartera,Si
2021-06-30,1.4044512607573272,Cartera,Si
